Country Name,GDP per capita (current US$) 2019
Ukraine,3619.86157226563
Poland,15874.5220531254
Serbia,7755.632986437
Malaysia,10920.191763972
